field,mode,level,realization,system,rep,objective_drift,quality_loss,allocation_churn,load_rank_stability
road_condition,flip,0.0,0,exact,-1,0.0,0.0,0.0,0.9999999999999999
road_condition,flip,0.0,0,crisp,-1,0.0,0.0,0.0,0.9999999999999999
road_condition,flip,0.0,1,exact,-1,0.0,0.0,0.0,0.9999999999999999
road_condition,flip,0.0,1,crisp,-1,0.0,0.0,0.0,0.9999999999999999
road_condition,flip,0.0,2,exact,-1,0.0,0.0,0.0,0.9999999999999999
road_condition,flip,0.0,2,crisp,-1,0.0,0.0,0.0,0.9999999999999999
road_condition,flip,0.0,3,exact,-1,0.0,0.0,0.0,0.9999999999999999
road_condition,flip,0.0,3,crisp,-1,0.0,0.0,0.0,0.9999999999999999
road_condition,flip,0.0,4,exact,-1,0.0,0.0,0.0,0.9999999999999999
road_condition,flip,0.0,4,crisp,-1,0.0,0.0,0.0,0.9999999999999999
road_condition,flip,0.0,5,exact,-1,0.0,0.0,0.0,0.9999999999999999
road_condition,flip,0.0,5,crisp,-1,0.0,0.0,0.0,0.9999999999999999
road_condition,flip,0.0,6,exact,-1,0.0,0.0,0.0,0.9999999999999999
road_condition,flip,0.0,6,crisp,-1,0.0,0.0,0.0,0.9999999999999999
road_condition,flip,0.0,7,exact,-1,0.0,0.0,0.0,0.9999999999999999
road_condition,flip,0.0,7,crisp,-1,0.0,0.0,0.0,0.9999999999999999
road_condition,flip,0.0,8,exact,-1,0.0,0.0,0.0,0.9999999999999999
road_condition,flip,0.0,8,crisp,-1,0.0,0.0,0.0,0.9999999999999999
road_condition,flip,0.0,9,exact,-1,0.0,0.0,0.0,0.9999999999999999
road_condition,flip,0.0,9,crisp,-1,0.0,0.0,0.0,0.9999999999999999
road_condition,flip,0.0,10,exact,-1,0.0,0.0,0.0,0.9999999999999999
road_condition,flip,0.0,10,crisp,-1,0.0,0.0,0.0,0.9999999999999999
road_condition,flip,0.0,11,exact,-1,0.0,0.0,0.0,0.9999999999999999
road_condition,flip,0.0,11,crisp,-1,0.0,0.0,0.0,0.9999999999999999
road_condition,flip,0.0,12,exact,-1,0.0,0.0,0.0,0.9999999999999999
road_condition,flip,0.0,12,crisp,-1,0.0,0.0,0.0,0.9999999999999999
road_condition,flip,0.0,13,exact,-1,0.0,0.0,0.0,0.9999999999999999
road_condition,flip,0.0,13,crisp,-1,0.0,0.0,0.0,0.9999999999999999
road_condition,flip,0.0,14,exact,-1,0.0,0.0,0.0,0.9999999999999999
road_condition,flip,0.0,14,crisp,-1,0.0,0.0,0.0,0.9999999999999999
road_condition,flip,0.0,15,exact,-1,0.0,0.0,0.0,0.9999999999999999
road_condition,flip,0.0,15,crisp,-1,0.0,0.0,0.0,0.9999999999999999
road_condition,flip,0.0,16,exact,-1,0.0,0.0,0.0,0.9999999999999999
road_condition,flip,0.0,16,crisp,-1,0.0,0.0,0.0,0.9999999999999999
road_condition,flip,0.0,17,exact,-1,0.0,0.0,0.0,0.9999999999999999
road_condition,flip,0.0,17,crisp,-1,0.0,0.0,0.0,0.9999999999999999
road_condition,flip,0.0,18,exact,-1,0.0,0.0,0.0,0.9999999999999999
road_condition,flip,0.0,18,crisp,-1,0.0,0.0,0.0,0.9999999999999999
road_condition,flip,0.0,19,exact,-1,0.0,0.0,0.0,0.9999999999999999
road_condition,flip,0.0,19,crisp,-1,0.0,0.0,0.0,0.9999999999999999
road_condition,flip,0.0,20,exact,-1,0.0,0.0,0.0,0.9999999999999999
road_condition,flip,0.0,20,crisp,-1,0.0,0.0,0.0,0.9999999999999999
road_condition,flip,0.0,21,exact,-1,0.0,0.0,0.0,0.9999999999999999
road_condition,flip,0.0,21,crisp,-1,0.0,0.0,0.0,0.9999999999999999
road_condition,flip,0.0,22,exact,-1,0.0,0.0,0.0,0.9999999999999999
road_condition,flip,0.0,22,crisp,-1,0.0,0.0,0.0,0.9999999999999999
road_condition,flip,0.0,23,exact,-1,0.0,0.0,0.0,0.9999999999999999
road_condition,flip,0.0,23,crisp,-1,0.0,0.0,0.0,0.9999999999999999
road_condition,flip,0.0,24,exact,-1,0.0,0.0,0.0,0.9999999999999999
road_condition,flip,0.0,24,crisp,-1,0.0,0.0,0.0,0.9999999999999999
road_condition,flip,0.0,25,exact,-1,0.0,0.0,0.0,0.9999999999999999
road_condition,flip,0.0,25,crisp,-1,0.0,0.0,0.0,0.9999999999999999
road_condition,flip,0.0,26,exact,-1,0.0,0.0,0.0,0.9999999999999999
road_condition,flip,0.0,26,crisp,-1,0.0,0.0,0.0,0.9999999999999999
road_condition,flip,0.0,27,exact,-1,0.0,0.0,0.0,0.9999999999999999
road_condition,flip,0.0,27,crisp,-1,0.0,0.0,0.0,0.9999999999999999
road_condition,flip,0.0,28,exact,-1,0.0,0.0,0.0,0.9999999999999999
road_condition,flip,0.0,28,crisp,-1,0.0,0.0,0.0,0.9999999999999999
road_condition,flip,0.0,29,exact,-1,0.0,0.0,0.0,0.9999999999999999
road_condition,flip,0.0,29,crisp,-1,0.0,0.0,0.0,0.9999999999999999
road_condition,flip,0.0,30,exact,-1,0.0,0.0,0.0,0.9999999999999999
road_condition,flip,0.0,30,crisp,-1,0.0,0.0,0.0,0.9999999999999999
road_condition,flip,0.0,31,exact,-1,0.0,0.0,0.0,0.9999999999999999
road_condition,flip,0.0,31,crisp,-1,0.0,0.0,0.0,0.9999999999999999
road_condition,flip,0.0,32,exact,-1,0.0,0.0,0.0,0.9999999999999999
road_condition,flip,0.0,32,crisp,-1,0.0,0.0,0.0,0.9999999999999999
road_condition,flip,0.0,33,exact,-1,0.0,0.0,0.0,0.9999999999999999
road_condition,flip,0.0,33,crisp,-1,0.0,0.0,0.0,0.9999999999999999
road_condition,flip,0.0,34,exact,-1,0.0,0.0,0.0,0.9999999999999999
road_condition,flip,0.0,34,crisp,-1,0.0,0.0,0.0,0.9999999999999999
road_condition,flip,0.0,35,exact,-1,0.0,0.0,0.0,0.9999999999999999
road_condition,flip,0.0,35,crisp,-1,0.0,0.0,0.0,0.9999999999999999
road_condition,flip,0.0,36,exact,-1,0.0,0.0,0.0,0.9999999999999999
road_condition,flip,0.0,36,crisp,-1,0.0,0.0,0.0,0.9999999999999999
road_condition,flip,0.0,37,exact,-1,0.0,0.0,0.0,0.9999999999999999
road_condition,flip,0.0,37,crisp,-1,0.0,0.0,0.0,0.9999999999999999
road_condition,flip,0.0,38,exact,-1,0.0,0.0,0.0,0.9999999999999999
road_condition,flip,0.0,38,crisp,-1,0.0,0.0,0.0,0.9999999999999999
road_condition,flip,0.0,39,exact,-1,0.0,0.0,0.0,0.9999999999999999
road_condition,flip,0.0,39,crisp,-1,0.0,0.0,0.0,0.9999999999999999
road_condition,flip,0.0,40,exact,-1,0.0,0.0,0.0,0.9999999999999999
road_condition,flip,0.0,40,crisp,-1,0.0,0.0,0.0,0.9999999999999999
road_condition,flip,0.0,41,exact,-1,0.0,0.0,0.0,0.9999999999999999
road_condition,flip,0.0,41,crisp,-1,0.0,0.0,0.0,0.9999999999999999
road_condition,flip,0.0,42,exact,-1,0.0,0.0,0.0,0.9999999999999999
road_condition,flip,0.0,42,crisp,-1,0.0,0.0,0.0,0.9999999999999999
road_condition,flip,0.0,43,exact,-1,0.0,0.0,0.0,0.9999999999999999
road_condition,flip,0.0,43,crisp,-1,0.0,0.0,0.0,0.9999999999999999
road_condition,flip,0.0,44,exact,-1,0.0,0.0,0.0,0.9999999999999999
road_condition,flip,0.0,44,crisp,-1,0.0,0.0,0.0,0.9999999999999999
road_condition,flip,0.0,45,exact,-1,0.0,0.0,0.0,0.9999999999999999
road_condition,flip,0.0,45,crisp,-1,0.0,0.0,0.0,0.9999999999999999
road_condition,flip,0.0,46,exact,-1,0.0,0.0,0.0,0.9999999999999999
road_condition,flip,0.0,46,crisp,-1,0.0,0.0,0.0,0.9999999999999999
road_condition,flip,0.0,47,exact,-1,0.0,0.0,0.0,0.9999999999999999
road_condition,flip,0.0,47,crisp,-1,0.0,0.0,0.0,0.9999999999999999
road_condition,flip,0.0,48,exact,-1,0.0,0.0,0.0,0.9999999999999999
road_condition,flip,0.0,48,crisp,-1,0.0,0.0,0.0,0.9999999999999999
road_condition,flip,0.0,49,exact,-1,0.0,0.0,0.0,0.9999999999999999
road_condition,flip,0.0,49,crisp,-1,0.0,0.0,0.0,0.9999999999999999
road_condition,flip,0.05,0,exact,-1,1.5266796120308246,1.1736328397129512,0.08,0.9999999999999999
road_condition,flip,0.05,0,crisp,-1,0.40592429909011235,0.13483551155755436,0.06,0.8999999999999998
road_condition,flip,0.05,1,exact,-1,0.9115125414414368,0.3401985615461456,0.04,0.9746794344808964
road_condition,flip,0.05,1,crisp,-1,1.4599032112235284,-0.1203518594565054,0.06,0.9999999999999999
road_condition,flip,0.05,2,exact,-1,0.452436217947382,0.602715622442787,0.08,0.9746794344808964
road_condition,flip,0.05,2,crisp,-1,0.5719418336756852,-0.48904304205281335,0.02,0.9999999999999999
road_condition,flip,0.05,3,exact,-1,1.1486789103115165,0.2386616711801679,0.04,0.9746794344808964
road_condition,flip,0.05,3,crisp,-1,0.6758228407377526,-0.4835038520034942,0.04,0.8999999999999998
road_condition,flip,0.05,4,exact,-1,1.372303471408419,0.5613804712634192,0.06,0.9999999999999999
road_condition,flip,0.05,4,crisp,-1,0.38437831103205156,0.38437831103205156,0.02,0.9746794344808964
road_condition,flip,0.05,5,exact,-1,0.38575788069705624,0.41697365622178495,0.02,0.9746794344808964
road_condition,flip,0.05,5,crisp,-1,0.4312276183124231,-0.5781568913727284,0.04,0.9999999999999999
road_condition,flip,0.05,6,exact,-1,0.6329139969440454,0.020204766251723072,0.02,0.9746794344808964
road_condition,flip,0.05,6,crisp,-1,1.0759410279465564,1.5194108465608878,0.1,0.8207826816681233
road_condition,flip,0.05,7,exact,-1,7.105427357601002e-15,1.4210854715202004e-14,0.0,0.9999999999999999
road_condition,flip,0.05,7,crisp,-1,1.053994669134989,1.424110855107486,0.08,0.8999999999999998
road_condition,flip,0.05,8,exact,-1,0.0,0.0,0.0,0.9999999999999999
road_condition,flip,0.05,8,crisp,-1,0.48013728506154224,0.23087579976328243,0.06,0.6668859288553501
road_condition,flip,0.05,9,exact,-1,0.25081471251392135,0.16638448190056465,0.02,0.9746794344808964
road_condition,flip,0.05,9,crisp,-1,0.15609606065428958,0.15436956780746414,0.06,0.9746794344808964
road_condition,flip,0.05,10,exact,-1,1.7763568394002505e-15,0.0,0.0,0.9999999999999999
road_condition,flip,0.05,10,crisp,-1,0.5380926938790872,0.7549933581395436,0.08,0.8207826816681233
road_condition,flip,0.05,11,exact,-1,0.4423759429341408,0.441225257685943,0.06,0.8999999999999998
road_condition,flip,0.05,11,crisp,-1,0.0,0.0,0.0,0.9999999999999999
road_condition,flip,0.05,12,exact,-1,0.12454577956063843,0.05521205358607517,0.02,0.9999999999999999
road_condition,flip,0.05,12,crisp,-1,0.43403354450840737,0.4613147449243513,0.04,0.9999999999999999
road_condition,flip,0.05,13,exact,-1,0.5384601226271886,0.9198668869911728,0.1,0.9999999999999999
road_condition,flip,0.05,13,crisp,-1,0.0,0.0,0.0,0.9999999999999999
road_condition,flip,0.05,14,exact,-1,1.7763568394002505e-15,0.0,0.0,0.9999999999999999
road_condition,flip,0.05,14,crisp,-1,0.8605259137862955,1.0379722239025426,0.12,0.9746794344808964
road_condition,flip,0.05,15,exact,-1,0.4258233142128543,0.14318427343808082,0.02,0.9746794344808964
road_condition,flip,0.05,15,crisp,-1,0.273020588067022,0.03680387426412324,0.04,0.9746794344808964
road_condition,flip,0.05,16,exact,-1,0.6617331589577121,0.18146658452491238,0.02,0.9746794344808964
road_condition,flip,0.05,16,crisp,-1,0.46497283853688287,0.5647390182038947,0.02,0.9746794344808964
road_condition,flip,0.05,17,exact,-1,0.3755275758496434,0.05757561972716019,0.02,0.9999999999999999
road_condition,flip,0.05,17,crisp,-1,0.29276080491233714,0.2927608049123336,0.02,0.9999999999999999
road_condition,flip,0.05,18,exact,-1,0.4750321162625933,0.41061195105999104,0.04,0.9746794344808964
road_condition,flip,0.05,18,crisp,-1,1.7916099523775006,1.943175603569145,0.08,0.8207826816681233
road_condition,flip,0.05,19,exact,-1,0.0,0.0,0.0,0.9999999999999999
road_condition,flip,0.05,19,crisp,-1,0.0,0.0,0.0,0.9999999999999999
road_condition,flip,0.05,20,exact,-1,0.6458967043201734,0.48004721551215823,0.04,0.9999999999999999
road_condition,flip,0.05,20,crisp,-1,0.18275312517424816,-0.11328848736603447,0.02,0.9746794344808964
road_condition,flip,0.05,21,exact,-1,1.7763568394002505e-15,0.0,0.0,0.9999999999999999
road_condition,flip,0.05,21,crisp,-1,0.10924596895573536,0.1511230882568526,0.02,0.8944271909999157
road_condition,flip,0.05,22,exact,-1,0.7555682489230042,0.34936741228176516,0.04,0.9746794344808964
road_condition,flip,0.05,22,crisp,-1,0.6348191743935011,0.8970528619787359,0.08,0.8944271909999157
road_condition,flip,0.05,23,exact,-1,0.29874705554766545,0.23325522277517052,0.02,0.9999999999999999
road_condition,flip,0.05,23,crisp,-1,0.3505117571637178,0.39366338667235823,0.02,0.9746794344808964
road_condition,flip,0.05,24,exact,-1,0.5596104642891963,0.23226615733916844,0.04,0.8999999999999998
road_condition,flip,0.05,24,crisp,-1,1.3301861849052619,-0.48117102470294526,0.14,0.9746794344808964
road_condition,flip,0.05,25,exact,-1,0.8954278500525451,0.9660765949599579,0.08,0.9999999999999999
road_condition,flip,0.05,25,crisp,-1,0.8703158490147093,1.2119319701277362,0.04,0.9746794344808964
road_condition,flip,0.05,26,exact,-1,0.8144543329726726,0.4438409400899559,0.04,0.9746794344808964
road_condition,flip,0.05,26,crisp,-1,0.7963726669739526,0.814741175693328,0.04,0.9746794344808964
road_condition,flip,0.05,27,exact,-1,0.24838148243089286,0.22517936576130637,0.04,0.9746794344808964
road_condition,flip,0.05,27,crisp,-1,0.5510951968917117,0.6477782732605704,0.1,0.9746794344808964
road_condition,flip,0.05,28,exact,-1,0.42295660228002224,0.3702424586610249,0.04,0.9999999999999999
road_condition,flip,0.05,28,crisp,-1,0.18275312517424816,-0.11328848736603447,0.02,0.9746794344808964
road_condition,flip,0.05,29,exact,-1,0.5728020704922561,0.8574566200838234,0.08,0.9486832980505138
road_condition,flip,0.05,29,crisp,-1,0.5977491042648959,-0.2026732738934669,0.08,0.9746794344808964
road_condition,flip,0.05,30,exact,-1,0.6938521074204265,0.8445683316653287,0.06,0.9746794344808964
road_condition,flip,0.05,30,crisp,-1,0.47865903332980725,0.3543203065142819,0.02,0.9746794344808964
road_condition,flip,0.05,31,exact,-1,0.6424181990533355,0.07414984680646342,0.02,0.9746794344808964
road_condition,flip,0.05,31,crisp,-1,0.0,0.0,0.0,0.9999999999999999
road_condition,flip,0.05,32,exact,-1,0.6526765406161738,0.290572528420995,0.02,0.9746794344808964
road_condition,flip,0.05,32,crisp,-1,0.29469076732234356,0.29469076732233646,0.04,0.9999999999999999
road_condition,flip,0.05,33,exact,-1,0.0,0.0,0.0,0.9999999999999999
road_condition,flip,0.05,33,crisp,-1,0.0,0.0,0.0,0.9999999999999999
road_condition,flip,0.05,34,exact,-1,0.127056275630558,0.1518708904208097,0.02,0.9999999999999999
road_condition,flip,0.05,34,crisp,-1,0.3298233665728236,-0.46486840400670815,0.02,0.9999999999999999
road_condition,flip,0.05,35,exact,-1,0.7587864646909875,0.22882029569198892,0.02,0.9999999999999999
road_condition,flip,0.05,35,crisp,-1,0.2493863168532749,0.32356527525330137,0.02,0.8944271909999157
road_condition,flip,0.05,36,exact,-1,0.14816676404586468,0.20512718066743219,0.02,0.9999999999999999
road_condition,flip,0.05,36,crisp,-1,0.16368123522724548,0.06401614713462322,0.02,0.9999999999999999
road_condition,flip,0.05,37,exact,-1,0.6526765406161738,0.2905725284210092,0.02,0.9746794344808964
road_condition,flip,0.05,37,crisp,-1,0.13080919314498374,0.13080919314498374,0.04,0.9999999999999999
road_condition,flip,0.05,38,exact,-1,0.6617331589577121,0.18146658452491238,0.02,0.9746794344808964
road_condition,flip,0.05,38,crisp,-1,0.40266340678684637,0.5125208574450681,0.02,0.8999999999999998
road_condition,flip,0.05,39,exact,-1,0.0,0.0,0.0,0.9999999999999999
road_condition,flip,0.05,39,crisp,-1,0.3025228127986843,0.11319773199316785,0.08,0.9999999999999999
road_condition,flip,0.05,40,exact,-1,0.12454577956063843,0.05521205358607517,0.02,0.9999999999999999
road_condition,flip,0.05,40,crisp,-1,0.2493863168532749,0.32356527525330137,0.02,0.8944271909999157
road_condition,flip,0.05,41,exact,-1,0.8437509868518317,0.7618604601590135,0.08,0.9999999999999999
road_condition,flip,0.05,41,crisp,-1,0.41878877564597267,0.5678329393629156,0.06,0.9746794344808964
road_condition,flip,0.05,42,exact,-1,0.48732937005538435,0.24056026086147142,0.04,0.9999999999999999
road_condition,flip,0.05,42,crisp,-1,0.056183093594105844,0.024918934956929206,0.08,0.9999999999999999
road_condition,flip,0.05,43,exact,-1,0.4564446380988173,0.5303447648474844,0.04,0.9999999999999999
road_condition,flip,0.05,43,crisp,-1,0.7480406615578566,0.24794958310418735,0.1,0.8999999999999998
road_condition,flip,0.05,44,exact,-1,0.40606641569606805,0.3195249512149019,0.04,0.9746794344808964
road_condition,flip,0.05,44,crisp,-1,0.29276080491233714,0.2927608049123336,0.02,0.9999999999999999
road_condition,flip,0.05,45,exact,-1,0.11626752305806921,0.14507253211135662,0.02,0.9999999999999999
road_condition,flip,0.05,45,crisp,-1,2.239563936643796,3.0536970871308853,0.12,0.9746794344808964
road_condition,flip,0.05,46,exact,-1,0.5286231270348247,0.7768274070229069,0.04,0.9999999999999999
road_condition,flip,0.05,46,crisp,-1,0.46555487441552046,0.4655548744155169,0.02,0.9746794344808964
road_condition,flip,0.05,47,exact,-1,0.0,0.0,0.0,0.9999999999999999
road_condition,flip,0.05,47,crisp,-1,0.7293436568885775,1.0245314979384403,0.06,0.9999999999999999
road_condition,flip,0.05,48,exact,-1,7.32410687763558e-15,1.4210854715202004e-14,0.0,0.9999999999999999
road_condition,flip,0.05,48,crisp,-1,0.0,0.0,0.0,0.9999999999999999
road_condition,flip,0.05,49,exact,-1,0.29874705554766545,0.23325522277517052,0.02,0.9999999999999999
road_condition,flip,0.05,49,crisp,-1,0.4923343073583152,-0.5828996427664066,0.02,0.9746794344808964
road_condition,flip,0.1,0,exact,-1,1.650491012518612,1.4301126085803446,0.06,0.9746794344808964
road_condition,flip,0.1,0,crisp,-1,0.6146241901291345,-0.05658346151717808,0.12,0.8999999999999998
road_condition,flip,0.1,1,exact,-1,0.32144105397107725,0.33604714852741324,0.04,0.9999999999999999
road_condition,flip,0.1,1,crisp,-1,1.203374849363265,0.22062496947175703,0.04,0.8999999999999998
road_condition,flip,0.1,2,exact,-1,0.11626752305806921,0.14507253211135662,0.02,0.9999999999999999
road_condition,flip,0.1,2,crisp,-1,0.7162255676403035,0.5324874243744802,0.1,0.9999999999999999
road_condition,flip,0.1,3,exact,-1,1.0280409252559872,1.2678163128575761,0.1,0.9999999999999999
road_condition,flip,0.1,3,crisp,-1,1.3365031885264498,-0.28023660056189215,0.1,0.8999999999999998
road_condition,flip,0.1,4,exact,-1,0.8702168111649484,0.9102916453421415,0.12,0.9746794344808964
road_condition,flip,0.1,4,crisp,-1,1.4443283588068059,2.033084551509873,0.12,0.8999999999999998
road_condition,flip,0.1,5,exact,-1,0.7441669193515531,0.5510336816929851,0.04,0.9746794344808964
road_condition,flip,0.1,5,crisp,-1,0.0,0.0,0.0,0.9999999999999999
road_condition,flip,0.1,6,exact,-1,0.908969643993687,1.1126698430821307,0.12,0.9999999999999999
road_condition,flip,0.1,6,crisp,-1,1.1001824789455843,1.3289169682826838,0.1,0.7
road_condition,flip,0.1,7,exact,-1,1.344197563839322,0.9903803983819444,0.06,0.9999999999999999
road_condition,flip,0.1,7,crisp,-1,0.5233912692193821,0.7119715152356463,0.06,0.8207826816681233
road_condition,flip,0.1,8,exact,-1,0.9758452629455671,0.9051479971726053,0.06,0.9999999999999999
road_condition,flip,0.1,8,crisp,-1,1.153712368819018,-0.0820503264581447,0.1,0.8999999999999998
road_condition,flip,0.1,9,exact,-1,0.6558049921835352,0.8786238750653865,0.08,0.9999999999999999
road_condition,flip,0.1,9,crisp,-1,0.9817525535015836,1.2872193419923974,0.2,0.8944271909999157
road_condition,flip,0.1,10,exact,-1,0.9538655626290389,0.34203817658273294,0.04,0.8999999999999998
road_condition,flip,0.1,10,crisp,-1,0.4131028260129244,-0.0013074536415871307,0.04,0.9746794344808964
road_condition,flip,0.1,11,exact,-1,1.2295936470419015,1.0458279978676046,0.08,0.9999999999999999
road_condition,flip,0.1,11,crisp,-1,0.9528727024780823,1.0932830824950344,0.16,0.8944271909999157
road_condition,flip,0.1,12,exact,-1,2.7462236499698607,1.0321506584926396,0.1,0.9486832980505138
road_condition,flip,0.1,12,crisp,-1,1.2635746778102304,1.1058240931693462,0.18,0.9999999999999999
road_condition,flip,0.1,13,exact,-1,0.26176114029622166,0.33085562780028965,0.02,0.9999999999999999
road_condition,flip,0.1,13,crisp,-1,1.306629287507362,0.6013213072378534,0.14,0.8999999999999998
road_condition,flip,0.1,14,exact,-1,1.2843972415801543,1.1015184887367298,0.06,0.8999999999999998
road_condition,flip,0.1,14,crisp,-1,0.4001497408321378,0.49561287893328654,0.06,0.9746794344808964
road_condition,flip,0.1,15,exact,-1,0.3826881378429057,0.5869233232673423,0.04,0.8999999999999998
road_condition,flip,0.1,15,crisp,-1,2.2589301890789626,3.018717121816181,0.16,0.8999999999999998
road_condition,flip,0.1,16,exact,-1,0.7382588466763614,0.8776788080878077,0.04,0.9999999999999999
road_condition,flip,0.1,16,crisp,-1,1.530939114167076,-0.47935556873129315,0.12,0.8999999999999998
road_condition,flip,0.1,17,exact,-1,2.464572638333307,1.9501864370047883,0.08,0.9746794344808964
road_condition,flip,0.1,17,crisp,-1,1.1395071103132972,1.1977118388175825,0.1,0.8207826816681233
road_condition,flip,0.1,18,exact,-1,1.4698493877982348,0.5823700741184155,0.06,0.9746794344808964
road_condition,flip,0.1,18,crisp,-1,1.341416162745654,0.864673286195,0.12,0.6668859288553501
road_condition,flip,0.1,19,exact,-1,0.5518003685266052,0.8111178389731322,0.08,0.9999999999999999
road_condition,flip,0.1,19,crisp,-1,1.0255572253456344,0.8676219587743077,0.1,0.8999999999999998
road_condition,flip,0.1,20,exact,-1,1.3978019067737903,0.8808208707479821,0.06,0.8999999999999998
road_condition,flip,0.1,20,crisp,-1,1.0544876321279053,-0.059080159904354446,0.16,0.8999999999999998
road_condition,flip,0.1,21,exact,-1,1.6551491305885706,0.8397062472609917,0.04,0.9746794344808964
road_condition,flip,0.1,21,crisp,-1,0.47643832537240915,0.4965253066167037,0.04,0.6668859288553501
road_condition,flip,0.1,22,exact,-1,2.3168846199544957,1.170815671248306,0.1,0.8999999999999998
road_condition,flip,0.1,22,crisp,-1,0.08117656338347246,-0.08117656338347956,0.02,0.8999999999999998
road_condition,flip,0.1,23,exact,-1,0.7879678388514715,0.5566578167074567,0.04,0.9999999999999999
road_condition,flip,0.1,23,crisp,-1,0.9654334776792224,0.11667141131235326,0.12,0.9746794344808964
road_condition,flip,0.1,24,exact,-1,0.9768705382531849,1.139149861175099,0.06,0.9999999999999999
road_condition,flip,0.1,24,crisp,-1,1.3990662171539978,0.7665289557702977,0.14,0.6668859288553501
road_condition,flip,0.1,25,exact,-1,1.0807003858235062,0.6681021530046678,0.04,0.9999999999999999
road_condition,flip,0.1,25,crisp,-1,0.8705692802459433,0.07028070551449161,0.16,0.7
road_condition,flip,0.1,26,exact,-1,1.0276144396577698,0.7496103797623022,0.06,0.9999999999999999
road_condition,flip,0.1,26,crisp,-1,0.3196885538932923,-0.2685961564713182,0.06,0.9746794344808964
road_condition,flip,0.1,27,exact,-1,1.7999548755758232,2.0139805868998906,0.12,0.9999999999999999
road_condition,flip,0.1,27,crisp,-1,1.0126050301373588,-0.3209826079758642,0.04,0.9746794344808964
road_condition,flip,0.1,28,exact,-1,1.142251119365043,0.693710595903454,0.1,0.9999999999999999
road_condition,flip,0.1,28,crisp,-1,1.9552940890757546,2.549321045500207,0.16,0.6
road_condition,flip,0.1,29,exact,-1,0.7729037987362154,0.6375194756557505,0.08,0.9999999999999999
road_condition,flip,0.1,29,crisp,-1,0.4312059130652014,0.6097177237926559,0.08,0.9746794344808964
road_condition,flip,0.1,30,exact,-1,0.6068873594500429,0.3505896369388779,0.08,0.9999999999999999
road_condition,flip,0.1,30,crisp,-1,2.7532053654673723,3.8260016346972776,0.22,0.8999999999999998
road_condition,flip,0.1,31,exact,-1,2.048142656958959,1.4124652419019839,0.08,0.9746794344808964
road_condition,flip,0.1,31,crisp,-1,1.8668499417106714,1.2860228367501634,0.16,0.9746794344808964
road_condition,flip,0.1,32,exact,-1,1.7549923857520193,2.1032280924742253,0.1,0.9999999999999999
road_condition,flip,0.1,32,crisp,-1,1.207184098557384,1.532039640737807,0.1,0.9999999999999999
road_condition,flip,0.1,33,exact,-1,0.4443933165149414,0.37893339973325624,0.1,0.9999999999999999
road_condition,flip,0.1,33,crisp,-1,1.0176740837513292,1.262504344957577,0.1,0.9746794344808964
road_condition,flip,0.1,34,exact,-1,0.6408001919322885,0.6913023614671516,0.04,0.9999999999999999
road_condition,flip,0.1,34,crisp,-1,0.8622258547441485,0.2696960265705428,0.08,0.7
road_condition,flip,0.1,35,exact,-1,0.9358000550177182,1.4880716013190494,0.14,0.9999999999999999
road_condition,flip,0.1,35,crisp,-1,0.4155327263201893,0.3983688383743669,0.1,0.9999999999999999
road_condition,flip,0.1,36,exact,-1,0.8966649611644908,0.955856747372394,0.06,0.9999999999999999
road_condition,flip,0.1,36,crisp,-1,0.936791612890018,0.81155725887713,0.12,0.8999999999999998
road_condition,flip,0.1,37,exact,-1,1.2325617808762948,1.4881521338837445,0.12,0.9999999999999999
road_condition,flip,0.1,37,crisp,-1,1.230871671916819,-0.379822765869136,0.14,0.7
road_condition,flip,0.1,38,exact,-1,1.8200823574256855,1.574051449133492,0.1,0.9746794344808964
road_condition,flip,0.1,38,crisp,-1,0.8932636306471824,1.230414444759944,0.06,0.9999999999999999
road_condition,flip,0.1,39,exact,-1,0.9865531295143877,1.2835558380250234,0.1,0.8999999999999998
road_condition,flip,0.1,39,crisp,-1,1.614073105728039,0.692728027371956,0.14,0.7
road_condition,flip,0.1,40,exact,-1,0.3887150936617644,0.4256009233912863,0.04,0.9746794344808964
road_condition,flip,0.1,40,crisp,-1,0.5855216098246743,0.5855216098246672,0.04,0.9999999999999999
road_condition,flip,0.1,41,exact,-1,0.5076304041877666,0.33687484946233326,0.08,0.9999999999999999
road_condition,flip,0.1,41,crisp,-1,0.9654731946411753,-0.6927916508771546,0.08,0.8999999999999998
road_condition,flip,0.1,42,exact,-1,1.5334108849186323,1.3771285733183447,0.14,0.9999999999999999
road_condition,flip,0.1,42,crisp,-1,1.4257037606010594,2.0095375756078795,0.12,0.9999999999999999
road_condition,flip,0.1,43,exact,-1,0.8286062519082743,0.6509662708848083,0.08,0.9999999999999999
road_condition,flip,0.1,43,crisp,-1,0.9358558164511093,1.0843466825314607,0.1,0.8999999999999998
road_condition,flip,0.1,44,exact,-1,1.2526169482489324,0.6655226449443035,0.04,0.8999999999999998
road_condition,flip,0.1,44,crisp,-1,1.0273126358213809,-0.38729895722768504,0.06,0.6668859288553501
road_condition,flip,0.1,45,exact,-1,0.3404435450360878,0.3954267745415052,0.06,0.9999999999999999
road_condition,flip,0.1,45,crisp,-1,0.8975631210137563,-0.22906632686796513,0.1,0.9746794344808964
road_condition,flip,0.1,46,exact,-1,1.1296627687437029,1.219431666821464,0.06,0.9999999999999999
road_condition,flip,0.1,46,crisp,-1,1.4382418654438598,1.6112049381599007,0.08,0.7
road_condition,flip,0.1,47,exact,-1,1.3999491642951007,1.1301011247305723,0.14,0.8999999999999998
road_condition,flip,0.1,47,crisp,-1,0.2517577503543631,-0.20395912162639718,0.06,0.9999999999999999
road_condition,flip,0.1,48,exact,-1,0.8775703549209892,0.9698638708919418,0.1,0.9999999999999999
road_condition,flip,0.1,48,crisp,-1,1.007231587997641,1.4124209422802068,0.14,0.9746794344808964
road_condition,flip,0.1,49,exact,-1,1.1594293105388285,0.5828906529413587,0.08,0.9746794344808964
road_condition,flip,0.1,49,crisp,-1,0.9621552788769956,1.1982968281408404,0.18,0.9999999999999999
road_condition,flip,0.2,0,exact,-1,2.747663988594544,2.2022104536859217,0.14,0.9746794344808964
road_condition,flip,0.2,0,crisp,-1,3.831040174510843,2.1727307512912972,0.34,0.7
road_condition,flip,0.2,1,exact,-1,1.1758158966970018,1.4742456371285897,0.14,0.9999999999999999
road_condition,flip,0.2,1,crisp,-1,3.279355676472302,4.17384077607629,0.22,0.7
road_condition,flip,0.2,2,exact,-1,1.448305452230493,1.6270580652353317,0.12,0.9999999999999999
road_condition,flip,0.2,2,crisp,-1,1.7996566569673431,2.2412383517441725,0.2,0.6
road_condition,flip,0.2,3,exact,-1,1.614536728634182,1.963958243649003,0.14,0.9746794344808964
road_condition,flip,0.2,3,crisp,-1,2.7210667699082594,0.4655381293824945,0.18,0.9999999999999999
road_condition,flip,0.2,4,exact,-1,1.7374533371549,2.4193342567639036,0.14,0.9999999999999999
road_condition,flip,0.2,4,crisp,-1,1.9608811995486426,0.9794109462650624,0.16,0.9746794344808964
road_condition,flip,0.2,5,exact,-1,2.138179026978212,2.2350032831241293,0.16,0.9999999999999999
road_condition,flip,0.2,5,crisp,-1,1.4142510885744304,0.0096951314601057,0.16,0.9746794344808964
road_condition,flip,0.2,6,exact,-1,1.6234047855854783,1.7978090185062001,0.14,0.9999999999999999
road_condition,flip,0.2,6,crisp,-1,1.5982906318310133,2.1624669274368813,0.22,0.8999999999999998
road_condition,flip,0.2,7,exact,-1,0.8211845260077396,1.2447485349124463,0.14,0.9746794344808964
road_condition,flip,0.2,7,crisp,-1,1.5303384597034346,-0.2995984820335167,0.16,0.8999999999999998
road_condition,flip,0.2,8,exact,-1,1.6195465406079552,1.5356635359986797,0.12,0.9999999999999999
road_condition,flip,0.2,8,crisp,-1,1.3637929131415865,1.9052955576922699,0.12,0.7
road_condition,flip,0.2,9,exact,-1,2.439218082052973,2.243842518899072,0.16,0.9746794344808964
road_condition,flip,0.2,9,crisp,-1,1.8356573399124632,1.2556554876738488,0.16,0.7
road_condition,flip,0.2,10,exact,-1,0.6763760570385373,0.9369138195789191,0.08,0.9999999999999999
road_condition,flip,0.2,10,crisp,-1,1.961404355493432,1.9589716092066993,0.18,0.8207826816681233
road_condition,flip,0.2,11,exact,-1,0.6395904315922224,1.0893631306638554,0.1,0.9999999999999999
road_condition,flip,0.2,11,crisp,-1,0.4637753471915609,0.461960939593709,0.12,0.9999999999999999
road_condition,flip,0.2,12,exact,-1,2.3920697791423127,2.54041440116319,0.18,0.8999999999999998
road_condition,flip,0.2,12,crisp,-1,2.4973797226802588,3.1459387878270633,0.24,0.8999999999999998
road_condition,flip,0.2,13,exact,-1,1.212888731502349,0.716455967279856,0.1,0.9999999999999999
road_condition,flip,0.2,13,crisp,-1,1.1161474046555218,1.4860216679215767,0.2,0.7
road_condition,flip,0.2,14,exact,-1,0.7876181275198074,1.2444859086546387,0.08,0.9999999999999999
road_condition,flip,0.2,14,crisp,-1,1.5065960481088023,1.1642448536600085,0.26,0.7
road_condition,flip,0.2,15,exact,-1,2.4332739754062973,1.7402070386224864,0.14,0.9746794344808964
road_condition,flip,0.2,15,crisp,-1,1.6107660659376564,2.1466289620136223,0.14,0.7
road_condition,flip,0.2,16,exact,-1,1.1794449718055653,1.3220033529542832,0.1,0.9746794344808964
road_condition,flip,0.2,16,crisp,-1,1.5120817870730237,1.708833558138906,0.18,0.9999999999999999
road_condition,flip,0.2,17,exact,-1,1.1227267886440997,1.5016969363920794,0.1,0.9999999999999999
road_condition,flip,0.2,17,crisp,-1,1.7714601078005754,2.5019070009340254,0.2,0.8207826816681233
road_condition,flip,0.2,18,exact,-1,1.8858042104661155,1.686452206879565,0.1,0.9746794344808964
road_condition,flip,0.2,18,crisp,-1,1.3787838736408267,1.7599366379473338,0.18,0.6
road_condition,flip,0.2,19,exact,-1,1.9098900175695326,1.8292208111436707,0.14,0.8999999999999998
road_condition,flip,0.2,19,crisp,-1,1.96345258391954,2.708998138589479,0.26,0.8999999999999998
road_condition,flip,0.2,20,exact,-1,2.689376501815583,2.599317443986621,0.22,0.9999999999999999
road_condition,flip,0.2,20,crisp,-1,1.1105204561189799,1.5703834403251733,0.16,0.8999999999999998
road_condition,flip,0.2,21,exact,-1,0.6959424721118262,0.8629848901318695,0.1,0.9999999999999999
road_condition,flip,0.2,21,crisp,-1,1.0268177817751343,1.1280277151681304,0.14,0.7
road_condition,flip,0.2,22,exact,-1,1.5499003320258549,2.0746251156951843,0.2,0.9746794344808964
road_condition,flip,0.2,22,crisp,-1,0.25167650451510065,0.07055738668580602,0.18,0.9746794344808964
road_condition,flip,0.2,23,exact,-1,1.9516446186448417,1.5698250213599607,0.12,0.8999999999999998
road_condition,flip,0.2,23,crisp,-1,3.025273451218048,2.009317205980608,0.2,0.8999999999999998
road_condition,flip,0.2,24,exact,-1,0.5140324318276108,0.7924388372053102,0.08,0.9999999999999999
road_condition,flip,0.2,24,crisp,-1,1.0186911498863493,1.2160582118977459,0.14,0.9746794344808964
road_condition,flip,0.2,25,exact,-1,1.6491497685815448,1.282307080547838,0.1,0.9999999999999999
road_condition,flip,0.2,25,crisp,-1,1.4496617093834396,2.011545616054761,0.2,0.8207826816681233
road_condition,flip,0.2,26,exact,-1,2.2799176554267024,2.2788462899114137,0.14,0.8999999999999998
road_condition,flip,0.2,26,crisp,-1,1.7714521261025493,2.5017798707416574,0.26,0.8999999999999998
road_condition,flip,0.2,27,exact,-1,3.0882767664779878,2.7534530708381624,0.16,0.9746794344808964
road_condition,flip,0.2,27,crisp,-1,1.0258026265115614,1.2021666049189292,0.08,0.8999999999999998
road_condition,flip,0.2,28,exact,-1,1.6207692108250118,2.2219555662460095,0.16,0.9746794344808964
road_condition,flip,0.2,28,crisp,-1,3.3550741179714416,2.0948777443348234,0.34,0.8999999999999998
road_condition,flip,0.2,29,exact,-1,0.5180741178349908,0.8225217666627032,0.1,0.9999999999999999
road_condition,flip,0.2,29,crisp,-1,0.8046852019914991,-0.31289213407781347,0.16,0.9746794344808964
road_condition,flip,0.2,30,exact,-1,2.352359246881337,3.0414955239846506,0.24,0.9746794344808964
road_condition,flip,0.2,30,crisp,-1,1.6142845374605252,0.3276022962891858,0.2,0.8999999999999998
road_condition,flip,0.2,31,exact,-1,1.1541885557480143,1.7787588738995481,0.14,0.9746794344808964
road_condition,flip,0.2,31,crisp,-1,1.222235227924295,1.3747653038397374,0.16,0.8999999999999998
road_condition,flip,0.2,32,exact,-1,1.152565432951358,1.1337355885897722,0.1,0.9746794344808964
road_condition,flip,0.2,32,crisp,-1,0.6324571244060436,0.5763448002492595,0.14,0.8999999999999998
road_condition,flip,0.2,33,exact,-1,1.554904934746037,2.012460107942161,0.14,0.8999999999999998
road_condition,flip,0.2,33,crisp,-1,0.7330852680821708,0.6441850215473863,0.1,0.9746794344808964
road_condition,flip,0.2,34,exact,-1,1.601453036901325,2.593246804179799,0.12,0.9999999999999999
road_condition,flip,0.2,34,crisp,-1,1.4567788541816777,0.47334435839385947,0.18,0.9999999999999999
road_condition,flip,0.2,35,exact,-1,1.6526926781021232,2.2504862672187045,0.16,0.9746794344808964
road_condition,flip,0.2,35,crisp,-1,1.706434562886188,2.3504888684365426,0.14,0.8999999999999998
road_condition,flip,0.2,36,exact,-1,1.5393559457352692,1.691803805265863,0.14,0.8999999999999998
road_condition,flip,0.2,36,crisp,-1,2.338982079715461,2.2851045984349554,0.26,0.9999999999999999
road_condition,flip,0.2,37,exact,-1,2.5390859377936006,3.6963994070283377,0.18,0.9999999999999999
road_condition,flip,0.2,37,crisp,-1,2.1622024564699713,2.9423183151498904,0.18,0.9999999999999999
road_condition,flip,0.2,38,exact,-1,1.3380528570478578,1.5696174406254357,0.12,0.9999999999999999
road_condition,flip,0.2,38,crisp,-1,1.4064554907703783,1.952055254159049,0.16,0.7
road_condition,flip,0.2,39,exact,-1,1.0078193097870383,0.8664157037296434,0.1,0.9999999999999999
road_condition,flip,0.2,39,crisp,-1,1.1753586029182839,1.5201666147126218,0.14,0.9999999999999999
road_condition,flip,0.2,40,exact,-1,1.6635299448259366,1.7804992347187039,0.12,0.9746794344808964
road_condition,flip,0.2,40,crisp,-1,1.7934019264271794,2.3324936120066866,0.24,0.7
road_condition,flip,0.2,41,exact,-1,0.7979641612851291,1.3455838237172344,0.12,0.9746794344808964
road_condition,flip,0.2,41,crisp,-1,0.9868934073602841,0.27570759131968714,0.16,0.9999999999999999
road_condition,flip,0.2,42,exact,-1,1.440461878721698,1.603675739608974,0.14,0.9999999999999999
road_condition,flip,0.2,42,crisp,-1,1.6281043725533488,1.710934832166231,0.22,0.7
road_condition,flip,0.2,43,exact,-1,1.2866483645503088,1.127747128535816,0.12,0.9999999999999999
road_condition,flip,0.2,43,crisp,-1,3.4531163370487272,4.2821540010604195,0.24,0.6668859288553501
road_condition,flip,0.2,44,exact,-1,1.4713772675955739,1.1145510079253569,0.08,0.9999999999999999
road_condition,flip,0.2,44,crisp,-1,0.8205726794387898,0.9771309611628993,0.14,0.9999999999999999
road_condition,flip,0.2,45,exact,-1,1.858787537622422,1.324395518024673,0.1,0.8999999999999998
road_condition,flip,0.2,45,crisp,-1,1.3995413427486674,0.478133229066799,0.22,0.8999999999999998
road_condition,flip,0.2,46,exact,-1,1.6163745797783986,2.6630055172973073,0.2,0.9999999999999999
road_condition,flip,0.2,46,crisp,-1,1.7272223784509464,0.48878009305178693,0.24,0.9746794344808964
road_condition,flip,0.2,47,exact,-1,1.5597627071329152,1.842385385793179,0.14,0.8720815992723809
road_condition,flip,0.2,47,crisp,-1,0.6769637135480318,0.8974025400884358,0.14,0.9999999999999999
road_condition,flip,0.2,48,exact,-1,2.332366490012939,1.8478930231781305,0.2,0.9999999999999999
road_condition,flip,0.2,48,crisp,-1,2.5887673287663353,1.2915291980801413,0.22,0.9999999999999999
road_condition,flip,0.2,49,exact,-1,2.8882150522196235,2.658186546846693,0.16,0.9746794344808964
road_condition,flip,0.2,49,crisp,-1,1.1503714693938747,1.6165348405319406,0.18,0.9999999999999999
road_condition,flip,0.4,0,exact,-1,3.571682268880869,4.898788837736888,0.32,0.9999999999999999
road_condition,flip,0.4,0,crisp,-1,3.577504237443183,4.860710234306509,0.2,0.8207826816681233
road_condition,flip,0.4,1,exact,-1,3.9424330856748644,5.047613720938088,0.3,0.9999999999999999
road_condition,flip,0.4,1,crisp,-1,2.3166956818970603,1.3543078862106341,0.3,0.6
road_condition,flip,0.4,2,exact,-1,4.3069836171258675,3.7734365488932724,0.26,0.9999999999999999
road_condition,flip,0.4,2,crisp,-1,2.095302187144113,2.6889085868592417,0.38,0.8207826816681233
road_condition,flip,0.4,3,exact,-1,3.6850376401909157,2.9874477301735,0.18,0.9746794344808964
road_condition,flip,0.4,3,crisp,-1,3.417445930563689,2.869394904977,0.36,0.8999999999999998
road_condition,flip,0.4,4,exact,-1,3.070234266185595,3.730909541274059,0.22,0.8999999999999998
road_condition,flip,0.4,4,crisp,-1,3.597762660307608,4.418703976992887,0.32,0.9999999999999999
road_condition,flip,0.4,5,exact,-1,3.4189440139450293,4.028301805310264,0.26,0.9999999999999999
road_condition,flip,0.4,5,crisp,-1,2.7398930757780726,3.8737756954468097,0.28,0.8999999999999998
road_condition,flip,0.4,6,exact,-1,3.675798484070756,3.5892871596986993,0.26,0.9746794344808964
road_condition,flip,0.4,6,crisp,-1,4.354197156432926,4.833783220330631,0.44,0.8999999999999998
road_condition,flip,0.4,7,exact,-1,4.421217303996259,5.031218266040128,0.28,0.9999999999999999
road_condition,flip,0.4,7,crisp,-1,2.1989669192736927,2.740694153281268,0.2,0.8999999999999998
road_condition,flip,0.4,8,exact,-1,4.109066888081002,3.7948049025616655,0.32,0.9999999999999999
road_condition,flip,0.4,8,crisp,-1,4.302010218997,4.409983738664238,0.3,0.9746794344808964
road_condition,flip,0.4,9,exact,-1,3.9090974539229633,4.552773491972303,0.28,0.9999999999999999
road_condition,flip,0.4,9,crisp,-1,4.635430237689135,2.816948729103032,0.4,0.8999999999999998
road_condition,flip,0.4,10,exact,-1,4.192582644429391,3.7841888436339417,0.18,0.9746794344808964
road_condition,flip,0.4,10,crisp,-1,2.594677738039366,3.418123650066221,0.3,0.9999999999999999
road_condition,flip,0.4,11,exact,-1,3.7649102067029614,4.380902912241254,0.28,0.9999999999999999
road_condition,flip,0.4,11,crisp,-1,1.364715650866453,1.4473294060084498,0.32,0.8999999999999998
road_condition,flip,0.4,12,exact,-1,3.3474986228907366,2.8152181722294642,0.24,0.9999999999999999
road_condition,flip,0.4,12,crisp,-1,1.7646944702313627,2.4714051390483434,0.26,0.8999999999999998
road_condition,flip,0.4,13,exact,-1,3.1840049722504515,4.486134570953766,0.32,0.9746794344808964
road_condition,flip,0.4,13,crisp,-1,3.9330404685049576,1.8796983251983619,0.46,0.7
road_condition,flip,0.4,14,exact,-1,3.0440844187800193,3.266067012537121,0.18,0.9746794344808964
road_condition,flip,0.4,14,crisp,-1,2.986735225959513,2.5057783026933436,0.44,0.9746794344808964
road_condition,flip,0.4,15,exact,-1,2.0199656201666003,3.217807795053517,0.22,0.9746794344808964
road_condition,flip,0.4,15,crisp,-1,2.9657181089876694,4.189990712007415,0.24,0.8999999999999998
road_condition,flip,0.4,16,exact,-1,4.427323813397612,4.222993742510866,0.22,0.9999999999999999
road_condition,flip,0.4,16,crisp,-1,3.540917415929569,4.131638628858113,0.38,0.7
road_condition,flip,0.4,17,exact,-1,3.704056785607595,3.4670086346442304,0.22,0.9746794344808964
road_condition,flip,0.4,17,crisp,-1,2.379943324513187,2.5480766836545143,0.28,0.9999999999999999
road_condition,flip,0.4,18,exact,-1,3.319256604781485,3.2434139130514694,0.24,0.9746794344808964
road_condition,flip,0.4,18,crisp,-1,2.9375996248621954,3.49142738588003,0.4,0.8999999999999998
road_condition,flip,0.4,19,exact,-1,3.1913840761626906,3.018287692399653,0.22,0.9999999999999999
road_condition,flip,0.4,19,crisp,-1,1.4045400258358807,1.3175637783292728,0.26,0.9999999999999999
road_condition,flip,0.4,20,exact,-1,2.849758525913357,3.474282263545632,0.28,0.9746794344808964
road_condition,flip,0.4,20,crisp,-1,3.2635343429650443,4.540432922609895,0.32,0.6668859288553501
road_condition,flip,0.4,21,exact,-1,4.437586216330168,4.9120182577699865,0.28,0.9999999999999999
road_condition,flip,0.4,21,crisp,-1,4.761835257545478,6.248451585435689,0.44,0.7
road_condition,flip,0.4,22,exact,-1,4.934574681514654,6.964443271187207,0.38,0.9999999999999999
road_condition,flip,0.4,22,crisp,-1,2.898092384966818,1.450373872553996,0.38,0.8999999999999998
road_condition,flip,0.4,23,exact,-1,3.0790543053303723,3.244155612394991,0.24,0.9999999999999999
road_condition,flip,0.4,23,crisp,-1,3.9175070614977723,5.351474569102194,0.22,0.8999999999999998
road_condition,flip,0.4,24,exact,-1,5.664836895392276,3.287263566366647,0.24,0.9746794344808964
road_condition,flip,0.4,24,crisp,-1,2.494791820331588,1.6872712878569018,0.28,0.9746794344808964
road_condition,flip,0.4,25,exact,-1,3.505032639843731,3.4847967260540997,0.2,0.8999999999999998
road_condition,flip,0.4,25,crisp,-1,4.708433445191315,0.8871590058489431,0.3,0.6
road_condition,flip,0.4,26,exact,-1,3.5175602072187995,4.613624322054704,0.3,0.9746794344808964
road_condition,flip,0.4,26,crisp,-1,2.7867956692856186,3.5008777663473722,0.44,0.9999999999999999
road_condition,flip,0.4,27,exact,-1,3.534910776836432,3.852718162954872,0.26,0.9746794344808964
road_condition,flip,0.4,27,crisp,-1,3.5109570344911964,4.8805470340889485,0.32,0.9999999999999999
road_condition,flip,0.4,28,exact,-1,3.7844182032397495,4.018235318885331,0.26,0.9999999999999999
road_condition,flip,0.4,28,crisp,-1,3.0099127288814502,1.6395009224993657,0.34,0.8999999999999998
road_condition,flip,0.4,29,exact,-1,2.683343820809637,3.2939368615250686,0.26,0.8720815992723809
road_condition,flip,0.4,29,crisp,-1,4.064661633777936,5.004803450533203,0.44,0.9746794344808964
road_condition,flip,0.4,30,exact,-1,2.1622419009994993,2.878185646790371,0.18,0.8207826816681233
road_condition,flip,0.4,30,crisp,-1,1.3217804309079288,0.7350052345024238,0.26,0.6
road_condition,flip,0.4,31,exact,-1,3.2069804174080523,3.5869852539296403,0.24,0.9999999999999999
road_condition,flip,0.4,31,crisp,-1,1.4559022142880895,1.9676488884885686,0.3,0.8999999999999998
road_condition,flip,0.4,32,exact,-1,7.538135251457609,5.137303899337951,0.34,0.8720815992723809
road_condition,flip,0.4,32,crisp,-1,4.09196592337216,3.9040533894035576,0.36,0.8999999999999998
road_condition,flip,0.4,33,exact,-1,2.601146909641179,3.517851016194385,0.28,0.9999999999999999
road_condition,flip,0.4,33,crisp,-1,2.9922031188025944,3.2215720070157943,0.3,0.9999999999999999
road_condition,flip,0.4,34,exact,-1,1.8493475973955733,2.64952573842686,0.18,0.9999999999999999
road_condition,flip,0.4,34,crisp,-1,3.5166940451277746,1.146402327525891,0.34,0.9999999999999999
road_condition,flip,0.4,35,exact,-1,4.549459178445051,3.9962433666921413,0.24,0.9746794344808964
road_condition,flip,0.4,35,crisp,-1,3.729402850491238,3.961501005426939,0.34,0.8207826816681233
road_condition,flip,0.4,36,exact,-1,3.5160233002109824,3.340309770996285,0.24,0.9999999999999999
road_condition,flip,0.4,36,crisp,-1,4.5370724795114405,5.7514791771232865,0.38,0.8999999999999998
road_condition,flip,0.4,37,exact,-1,1.919823413232647,2.031590061693194,0.16,0.9746794344808964
road_condition,flip,0.4,37,crisp,-1,1.1809693286415315,1.6052967722995533,0.22,0.8207826816681233
road_condition,flip,0.4,38,exact,-1,3.369350434656901,3.1513354909639446,0.24,0.9999999999999999
road_condition,flip,0.4,38,crisp,-1,1.9534804989188435,2.757651663149261,0.3,0.8999999999999998
road_condition,flip,0.4,39,exact,-1,3.5398931519752055,4.417210235671561,0.26,0.9999999999999999
road_condition,flip,0.4,39,crisp,-1,3.4495546522622673,4.403000751833034,0.28,0.9999999999999999
road_condition,flip,0.4,40,exact,-1,3.2834504516481506,3.010342360765833,0.28,0.9746794344808964
road_condition,flip,0.4,40,crisp,-1,1.9764504745522973,2.5773326074238554,0.28,0.9746794344808964
road_condition,flip,0.4,41,exact,-1,2.985513997289215,3.481230137366367,0.22,0.9746794344808964
road_condition,flip,0.4,41,crisp,-1,2.3218117814848016,0.4660812498923974,0.28,0.8999999999999998
road_condition,flip,0.4,42,exact,-1,2.6687615414619414,2.650255576982488,0.26,0.9999999999999999
road_condition,flip,0.4,42,crisp,-1,3.373935617401591,3.6150934992992205,0.42,0.9746794344808964
road_condition,flip,0.4,43,exact,-1,1.7973049252839581,2.626723192749239,0.12,0.9999999999999999
road_condition,flip,0.4,43,crisp,-1,2.793866053766936,1.572905962042313,0.3,0.8999999999999998
road_condition,flip,0.4,44,exact,-1,2.2485800692734754,2.5702073698342645,0.16,0.9999999999999999
road_condition,flip,0.4,44,crisp,-1,2.4703959790822716,2.6322384165083577,0.28,0.9999999999999999
road_condition,flip,0.4,45,exact,-1,4.644936382160878,4.973311172708989,0.28,0.8999999999999998
road_condition,flip,0.4,45,crisp,-1,3.3203838405491632,1.7256606503080718,0.32,0.9999999999999999
road_condition,flip,0.4,46,exact,-1,2.088786226334853,2.8547599668020354,0.26,0.9999999999999999
road_condition,flip,0.4,46,crisp,-1,3.8270861777731926,2.6506962388191937,0.3,0.8999999999999998
road_condition,flip,0.4,47,exact,-1,3.0505230935435126,3.112553257076712,0.24,0.9999999999999999
road_condition,flip,0.4,47,crisp,-1,3.2846858661781067,3.8293343584792723,0.36,0.8999999999999998
road_condition,flip,0.4,48,exact,-1,3.0236085045590273,3.7799094039175003,0.22,0.9999999999999999
road_condition,flip,0.4,48,crisp,-1,4.297465363869285,4.450797142535578,0.26,0.8207826816681233
road_condition,flip,0.4,49,exact,-1,3.9470773695521446,5.471086439278238,0.3,0.9999999999999999
road_condition,flip,0.4,49,crisp,-1,5.569362121611997,6.545283630256989,0.32,0.8207826816681233
