seed_a,seed_b,objective_drift,quality_loss,allocation_churn,load_rank_stability,directed_jaccard
0,1,7.624419897526203,-4.580174163553551,0.82,0.886191601866609,0.27388535031847133
0,2,2.2521856084078538,-1.493367206081487,0.9,0.8241368822045014,0.27388535031847133
0,3,8.961422885541035,-0.8498334269708465,0.92,0.9357841922508401,0.30718954248366015
0,4,11.732801425323556,-0.6132325219334831,0.92,0.9108080352517925,0.32450331125827814
1,2,5.396191527758464,3.0868069574720636,0.9,0.9221228546165696,0.30718954248366015
1,3,3.0052279763243694,3.730340736582704,0.93,0.82717625331758,0.3888888888888889
1,4,6.56733271859114,3.9669416416200676,0.95,0.7515527950310559,0.42857142857142855
2,3,6.877543746253008,0.6435337791106406,0.9,0.7647388683791454,0.30718954248366015
2,4,10.062648596810996,0.880134684148004,0.9,0.6604393418199755,0.35135135135135137
3,4,6.559742311853594,0.23660090503736342,0.92,0.8950787815749933,0.3888888888888889
