seed_index,seed,f1,f2,f3,quality,pairs
0,1000,42.944849778905684,22.059937419927284,38.54453259971783,103.54931979855081,"[[100, 0], [92, 4], [59, 2], [34, 0], [108, 3], [132, 4], [10, 2], [40, 4], [91, 1], [43, 4], [3, 3], [102, 4], [18, 3], [50, 4], [103, 4], [65, 2], [74, 3], [0, 0], [61, 4], [128, 4], [72, 4], [129, 4], [115, 4], [29, 4], [125, 2], [95, 2], [143, 4], [13, 3], [12, 4], [14, 4], [149, 2], [138, 0], [63, 3], [22, 4], [111, 4], [78, 4], [90, 4], [101, 4], [7, 2], [62, 0], [107, 4], [137, 0], [77, 4], [81, 2], [11, 4], [5, 4], [131, 3], [112, 4], [49, 4], [141, 4]]"
1,8919,42.80027778530077,23.320354250744973,35.001272862515236,101.12190489856098,"[[133, 3], [123, 0], [100, 4], [103, 4], [2, 4], [144, 3], [143, 4], [115, 4], [116, 3], [84, 4], [14, 4], [78, 4], [129, 4], [13, 4], [114, 3], [128, 4], [0, 2], [141, 4], [76, 4], [50, 0], [4, 0], [111, 4], [10, 4], [55, 4], [102, 4], [81, 4], [1, 4], [124, 4], [17, 0], [66, 4], [47, 3], [146, 3], [132, 0], [58, 3], [42, 4], [98, 4], [65, 4], [15, 2], [22, 4], [108, 4], [127, 0], [92, 4], [79, 4], [112, 4], [80, 0], [48, 4], [95, 4], [139, 4], [57, 4], [82, 4]]"
2,16838,43.62652052268616,23.905597211917613,35.02873415069178,102.56085188529556,"[[79, 0], [118, 2], [0, 4], [40, 4], [65, 4], [127, 3], [78, 4], [129, 2], [84, 4], [97, 4], [37, 4], [113, 2], [72, 4], [82, 4], [103, 4], [141, 0], [100, 4], [95, 4], [14, 4], [73, 4], [111, 4], [9, 4], [18, 0], [132, 2], [47, 4], [48, 4], [1, 4], [85, 4], [61, 4], [7, 3], [144, 3], [12, 4], [121, 4], [13, 0], [77, 4], [142, 4], [143, 4], [22, 0], [4, 4], [147, 4], [67, 4], [63, 4], [49, 4], [5, 1], [137, 0], [91, 4], [74, 2], [42, 4], [43, 3], [41, 4]]"
3,24757,44.82529617286932,24.752142770758642,34.4475477981871,104.02498674181507,"[[116, 4], [127, 4], [10, 0], [76, 4], [40, 3], [138, 4], [115, 4], [84, 4], [103, 4], [42, 2], [95, 3], [79, 0], [143, 4], [129, 4], [29, 4], [124, 4], [14, 4], [47, 4], [18, 4], [43, 4], [132, 4], [92, 0], [145, 0], [121, 4], [0, 2], [90, 4], [37, 0], [1, 0], [39, 0], [122, 2], [128, 4], [8, 0], [72, 4], [117, 4], [45, 0], [59, 4], [16, 4], [114, 4], [70, 0], [53, 4], [9, 2], [77, 4], [65, 4], [110, 4], [149, 0], [22, 0], [123, 0], [44, 0], [85, 4], [104, 4]]"
4,32676,45.10035718552269,24.86264544189865,32.487185132170865,102.4501877595922,"[[128, 4], [147, 4], [5, 4], [129, 4], [26, 4], [50, 0], [78, 4], [12, 2], [0, 4], [7, 4], [149, 4], [76, 4], [140, 0], [144, 4], [141, 4], [79, 4], [32, 4], [14, 4], [121, 4], [25, 4], [111, 4], [75, 4], [106, 4], [110, 4], [72, 4], [19, 4], [84, 4], [102, 4], [88, 3], [45, 4], [117, 3], [13, 4], [42, 4], [89, 0], [137, 0], [49, 4], [96, 4], [97, 2], [114, 4], [3, 4], [22, 4], [95, 4], [59, 0], [125, 4], [65, 2], [55, 0], [100, 0], [83, 4], [115, 0], [15, 4]]"
5,40595,46.81375991971531,21.23891156749729,36.81033479846078,104.86300628567338,"[[141, 0], [138, 4], [95, 4], [129, 3], [92, 0], [145, 4], [114, 0], [94, 2], [3, 4], [14, 4], [133, 4], [10, 3], [103, 0], [0, 4], [121, 4], [40, 2], [100, 4], [136, 4], [97, 4], [146, 4], [12, 4], [61, 4], [127, 2], [37, 3], [17, 3], [9, 0], [147, 3], [72, 3], [63, 4], [78, 4], [102, 4], [123, 4], [82, 0], [42, 0], [13, 3], [137, 4], [8, 4], [54, 2], [6, 2], [71, 4], [132, 4], [143, 2], [41, 4], [80, 4], [89, 0], [83, 4], [29, 4], [125, 4], [23, 0], [22, 0]]"
6,48514,45.026548335810666,21.059077696393324,35.221501340397126,101.30712737260112,"[[141, 4], [121, 4], [85, 4], [84, 0], [79, 0], [43, 4], [90, 3], [34, 4], [41, 4], [70, 4], [143, 4], [136, 4], [53, 0], [113, 2], [78, 3], [67, 0], [134, 3], [22, 4], [127, 2], [145, 4], [95, 4], [82, 4], [18, 2], [115, 0], [13, 2], [106, 0], [0, 0], [128, 4], [92, 4], [31, 4], [55, 4], [111, 4], [10, 0], [48, 4], [97, 0], [65, 4], [138, 4], [81, 4], [42, 4], [103, 4], [1, 0], [112, 4], [135, 4], [11, 4], [86, 2], [14, 4], [119, 3], [131, 4], [54, 4], [73, 2]]"
7,56433,44.75914909648784,26.30213282881443,36.741444122221665,107.80272604752393,"[[143, 4], [53, 4], [127, 4], [108, 4], [95, 0], [123, 0], [42, 0], [103, 4], [115, 1], [0, 4], [10, 4], [128, 4], [40, 4], [79, 3], [18, 0], [117, 4], [129, 0], [82, 0], [51, 3], [107, 3], [144, 4], [141, 4], [13, 4], [138, 4], [78, 4], [97, 4], [24, 4], [50, 4], [59, 4], [61, 2], [121, 3], [116, 4], [81, 4], [137, 0], [9, 4], [15, 0], [66, 4], [8, 4], [14, 4], [131, 2], [65, 4], [27, 0], [31, 0], [99, 4], [136, 4], [11, 2], [110, 4], [134, 1], [52, 4], [29, 4]]"
8,64352,42.860930474372815,27.17675631723156,38.50648200762021,108.54416879922458,"[[138, 4], [3, 4], [4, 0], [95, 4], [127, 4], [14, 4], [49, 2], [61, 0], [136, 0], [116, 4], [82, 0], [114, 4], [101, 4], [17, 4], [84, 3], [76, 4], [15, 4], [100, 2], [115, 4], [124, 3], [0, 4], [18, 0], [78, 3], [103, 4], [53, 4], [139, 2], [70, 0], [21, 4], [40, 4], [117, 3], [143, 4], [132, 4], [79, 0], [68, 4], [13, 4], [39, 4], [121, 3], [65, 4], [55, 2], [41, 4], [111, 2], [144, 3], [112, 4], [129, 4], [28, 0], [128, 2], [87, 3], [67, 4], [63, 4], [83, 1]]"
9,72271,41.75414593715774,20.293413283215244,33.529682102543674,95.57724132291665,"[[29, 4], [48, 0], [9, 4], [111, 2], [141, 3], [7, 3], [40, 4], [143, 0], [133, 4], [115, 4], [75, 4], [0, 4], [100, 4], [57, 4], [103, 1], [85, 4], [4, 0], [128, 4], [129, 4], [97, 4], [107, 4], [14, 0], [78, 4], [95, 3], [22, 4], [108, 2], [81, 0], [3, 4], [13, 0], [65, 0], [112, 4], [134, 4], [121, 4], [12, 4], [138, 4], [76, 4], [66, 4], [18, 0], [1, 4], [41, 4], [106, 3], [47, 4], [84, 4], [137, 4], [79, 4], [21, 4], [145, 0], [146, 4], [92, 4], [104, 4]]"
