cell,system,level,churn_mean,churn_ci_lo,churn_ci_hi,churn_minus_floor,quality_loss_mean,quality_loss_ci_lo,quality_loss_ci_hi,loss_in_clean_sd
center_occupancy_rate_missingness,fuzzy,0.05,0.20958333333333332,0.0,0.4206302083333333,-0.6245219298245613,-0.14319437131785628,-0.48764546241789875,0.049934050236651796,-0.06980600533974068
center_occupancy_rate_missingness,fuzzy,0.1,0.48687499999999995,0.275625,0.698125,-0.34723026315789474,-0.8816148340910325,-1.3896203008211165,-0.32958730211610526,-0.4297795314841327
center_occupancy_rate_missingness,fuzzy,0.2,0.6220833333333333,0.4127083333333334,0.8264583333333332,-0.21202192982456136,-1.0167335193547624,-1.51111447252892,-0.4877121044924087,-0.49564871040654823
center_occupancy_rate_missingness,fuzzy,0.4,0.8322916666666668,0.8189583333333333,0.8464583333333334,-0.00181359649122792,-0.5132075634882461,-1.1160941075917266,0.08871074180215982,-0.2501842047808792
center_occupancy_rate_missingness,crisp,0.05,0.0033333333333333335,0.0,0.008333333333333333,nan,0.1009949352035046,0.0,0.26104325482605617,0.049234148809196014
center_occupancy_rate_missingness,crisp,0.1,0.0016666666666666668,0.0,0.005,nan,0.0714682429939811,0.0,0.2144047289819433,0.03484014424691017
center_occupancy_rate_missingness,crisp,0.2,0.005,0.0,0.013333333333333334,nan,0.17246317819748688,0.0,0.41639459938895484,0.08407429305610677
center_occupancy_rate_missingness,crisp,0.4,0.01,0.0033333333333333335,0.01833333333333333,nan,0.38686790717943015,0.1429364859879622,0.6603260205804228,0.18859472579683725
center_occupancy_rate_noise,fuzzy,0.05,0.8314583333333334,0.820625,0.8422916666666668,-0.0026469298245612727,-1.069290637586619,-1.6421364422297753,-0.5399995604187128,-0.5212698465040734
center_occupancy_rate_noise,fuzzy,0.1,0.8229166666666666,0.8147916666666667,0.8310416666666667,-0.011188596491228053,-0.6050375138921639,-1.2802510644984515,0.11884340454540854,-0.2949505035484108
center_occupancy_rate_noise,fuzzy,0.2,0.828125,0.8160416666666667,0.8416666666666668,-0.005980263157894683,0.36823854800313205,-0.7242373557912838,1.6282783419733151,0.17951307590956653
center_occupancy_rate_noise,fuzzy,0.4,0.8427083333333334,0.8239583333333332,0.8629218750000001,0.00860307017543871,2.7364599937016414,0.9004394822529935,4.692408822247533,1.3340003463425467
center_occupancy_rate_noise,crisp,0.05,0.051666666666666666,0.03333333333333333,0.07333333333333333,nan,0.02555502921319312,-0.313261019242532,0.3158236576997293,0.012457853540580733
center_occupancy_rate_noise,crisp,0.1,0.11499999999999999,0.07666666666666669,0.155,nan,0.07407193699960739,-0.4919839754456589,0.6106106417142165,0.03610942233366088
center_occupancy_rate_noise,crisp,0.2,0.21000000000000005,0.15833333333333333,0.2667083333333336,nan,1.4559304290118174,0.6442193588472938,2.3808995888977824,0.7097533678631145
center_occupancy_rate_noise,crisp,0.4,0.3483333333333334,0.26166666666666666,0.44,nan,6.968289332445863,3.2208703526838045,11.174640351033538,3.3969801876487344
infrastructure_damage_level_missingness,fuzzy,0.05,0.82375,0.8160416666666667,0.8312499999999999,-0.0103552631578947,-0.8892010062581474,-1.5415166902444066,-0.18278760393819862,-0.43347772415701596
infrastructure_damage_level_missingness,fuzzy,0.1,0.8352083333333336,0.8260416666666667,0.8470833333333333,0.0011030701754388694,-0.8679396722199865,-1.2752273376325285,-0.4220399054857934,-0.4231130095125878
infrastructure_damage_level_missingness,fuzzy,0.2,0.836875,0.8260416666666668,0.8466666666666667,0.0027697368421053525,-0.13732081945961458,-0.7447170483665919,0.4065566343950891,-0.06694270010919119
infrastructure_damage_level_missingness,fuzzy,0.4,0.8393750000000001,0.8335416666666667,0.8456250000000001,0.00526973684210541,0.17232051295198061,-0.40513693671842993,0.6788500101150085,0.08400474499497872
infrastructure_damage_level_missingness,crisp,0.05,0.016666666666666666,0.01,0.024999999999999998,nan,-0.10552631593113186,-0.22052780086175852,0.009197082042709592,-0.05144315733626305
infrastructure_damage_level_missingness,crisp,0.1,0.023333333333333334,0.015,0.03333333333333333,nan,-0.05998990398017057,-0.21661314182420088,0.09841894995564363,-0.02924455423093937
infrastructure_damage_level_missingness,crisp,0.2,0.03833333333333334,0.024999999999999998,0.05166666666666667,nan,0.14716939054531034,-0.26220475868441195,0.4942288521812251,0.07174379249480484
infrastructure_damage_level_missingness,crisp,0.4,0.06166666666666667,0.04833333333333334,0.07333333333333335,nan,-0.25484412311301696,-0.5798406744280862,0.05955447039645401,-0.12423428417685599
infrastructure_damage_level_noise,fuzzy,0.05,0.8368750000000001,0.8279166666666667,0.8464583333333334,0.0027697368421054636,0.11719372860664024,-0.3190612543588122,0.5289897916857541,0.05713091911091831
infrastructure_damage_level_noise,fuzzy,0.1,0.83625,0.8295833333333333,0.84375,0.002144736842105366,-0.687774287581331,-1.1377379020073755,-0.23726566884552147,-0.3352839580884546
infrastructure_damage_level_noise,fuzzy,0.2,0.834375,0.8264583333333334,0.8422916666666665,0.0002697368421052948,0.19597171970849678,-0.3471733528008594,0.6383291774103497,0.09553450171615509
infrastructure_damage_level_noise,fuzzy,0.4,0.8445833333333335,0.8341666666666668,0.8552083333333332,0.01047807017543878,2.0017828719037127,1.460529698627745,2.6154673670857163,0.9758516662287754
infrastructure_damage_level_noise,crisp,0.05,0.028333333333333335,0.018333333333333333,0.03833333333333333,nan,0.0243285593989692,-0.18697954529266514,0.24628716974728818,0.011859960218288746
infrastructure_damage_level_noise,crisp,0.1,0.05666666666666667,0.041666666666666664,0.07333333333333333,nan,0.32451052947320136,-0.111634431595521,0.8447841948605084,0.15819604880225888
infrastructure_damage_level_noise,crisp,0.2,0.11333333333333334,0.09500000000000001,0.13166666666666668,nan,0.39007853602159653,-0.056251609175318955,0.8553822605994932,0.1901598793153558
infrastructure_damage_level_noise,crisp,0.4,0.19333333333333336,0.17499999999999996,0.21166666666666667,nan,-0.2047993120920862,-0.6604663024255237,0.30089184505914907,-0.09983787590184877
possible_hazard_flip,fuzzy,0.05,0.8352083333333334,0.8262500000000003,0.8439583333333331,0.0011030701754387584,0.11382146559717388,-0.31196491270023774,0.6397811210292726,0.055486970347574265
possible_hazard_flip,fuzzy,0.1,0.8300000000000001,0.820625,0.8399999999999999,-0.004105263157894612,-0.3809978117942898,-0.8131584358969709,0.06412893117199721,-0.18573310556673542
possible_hazard_flip,fuzzy,0.2,0.8306250000000001,0.8250000000000001,0.8360416666666666,-0.0034802631578946253,-0.10302158390663611,-0.6228927018590094,0.3934521402035972,-0.050222122350967034
possible_hazard_flip,fuzzy,0.4,0.8397916666666666,0.8270833333333334,0.8518802083333334,0.00568640350877192,0.9175333799153124,0.16919830060439156,1.576589085723704,0.44728950885635604
possible_hazard_flip,crisp,0.05,0.05333333333333334,0.03666666666666667,0.07,nan,0.38618812564548577,0.07445033393229553,0.6980847760776512,0.1882633382363371
possible_hazard_flip,crisp,0.1,0.07166666666666667,0.05333333333333334,0.08999999999999998,nan,0.35487238635896884,-0.03706165821054498,0.7228383413008467,0.17299718884977996
possible_hazard_flip,crisp,0.2,0.14166666666666672,0.1166666666666667,0.16833333333333333,nan,1.233550916501624,0.4795273988849514,1.9868777341284045,0.6013452978051281
possible_hazard_flip,crisp,0.4,0.295,0.25833333333333336,0.3316666666666666,nan,2.132991469048998,1.5977774027042924,2.6340240204344667,1.039814711344652
resource_time_remaining_noise,fuzzy,0.05,0.8320833333333333,0.8264583333333332,0.8383333333333334,-0.002021929824561397,-0.5435510330756576,-1.1162589160273708,-0.013744164760442275,-0.2649763811810487
resource_time_remaining_noise,fuzzy,0.1,0.8370833333333333,0.8245833333333334,0.8506302083333335,0.0029780701754386074,0.2998146135057347,-0.23006973560128,0.8771082972582719,0.14615700546536625
resource_time_remaining_noise,fuzzy,0.2,0.8314583333333334,0.8222916666666668,0.8399999999999999,-0.0026469298245612727,1.3901241022484665,0.5746309912704878,2.1110677216016906,0.6776733583267456
resource_time_remaining_noise,fuzzy,0.4,0.8454166666666666,0.8352083333333334,0.8556249999999999,0.011311403508771911,2.934505565335968,2.3369078497161615,3.562996950060766,1.4305458327592595
resource_time_remaining_noise,crisp,0.05,0.02666666666666667,0.016666666666666663,0.03833333333333334,nan,0.23180639817525397,-0.03131834150410958,0.47242583157925594,0.11300359448409415
resource_time_remaining_noise,crisp,0.1,0.051666666666666666,0.04166666666666666,0.06166666666666668,nan,0.4016310430898251,0.002214452834512004,0.7685437786847765,0.19579162561006225
resource_time_remaining_noise,crisp,0.2,0.10166666666666668,0.08999999999999998,0.11333333333333336,nan,0.5818883758446939,0.07355632811155068,1.1358727499167411,0.28366550093776294
resource_time_remaining_noise,crisp,0.4,0.1666666666666667,0.14333333333333337,0.19000000000000003,nan,-0.26139890877825306,-0.6884331558240177,0.1334721764063952,-0.12742968493833318
road_condition_flip,fuzzy,0.05,0.8320833333333333,0.8218749999999999,0.8418749999999999,-0.002021929824561397,0.04322698975665299,-0.6675184913100837,0.6029260194237179,0.021072779956383333
road_condition_flip,fuzzy,0.1,0.8297916666666668,0.8214583333333335,0.8385416666666666,-0.004313596491227867,-0.13209416281155217,-0.9071768746695653,0.6407337551708628,-0.06439475064353968
road_condition_flip,fuzzy,0.2,0.8324999999999999,0.8268749999999999,0.8379166666666666,-0.0016052631578947762,0.24558847075814358,-0.3037020850416914,0.779234224723063,0.1197222344938912
road_condition_flip,fuzzy,0.4,0.8308333333333334,0.82,0.8416666666666667,-0.0032719298245612594,0.9722534829452413,0.5454412283897403,1.4006997022726555,0.4739650811511593
road_condition_flip,crisp,0.05,0.051666666666666666,0.03666666666666667,0.06666666666666667,nan,0.24432655042355478,-0.10065198124155045,0.6382432683552242,0.11910705935255066
road_condition_flip,crisp,0.1,0.09499999999999999,0.06666666666666667,0.12333333333333335,nan,0.5656175009319201,0.20639745895492392,0.9778784373439329,0.27573359152966104
road_condition_flip,crisp,0.2,0.18500000000000003,0.15666666666666668,0.22000000000000006,nan,1.457267177149107,0.8084934765354559,2.146864895735943,0.7104050209047162
road_condition_flip,crisp,0.4,0.31666666666666665,0.27666666666666667,0.355,nan,3.311055348520577,2.622761930138572,3.951702188747478,1.6141105632284187
travel_duration_noise,fuzzy,0.05,0.8322916666666668,0.8233333333333334,0.8412500000000002,-0.00181359649122792,-0.05227724311473677,-0.6642727687714479,0.3921250019090699,-0.02548469942239395
travel_duration_noise,fuzzy,0.1,0.8295833333333332,0.8189583333333333,0.8410416666666666,-0.004521929824561455,0.6011525163589986,0.1747391831041177,1.0165644905246305,0.29305660118305155
travel_duration_noise,fuzzy,0.2,0.8525,0.8429166666666669,0.8618750000000001,0.018394736842105353,3.400230637070207,2.8676593629811338,3.866923484717129,1.6575827375281367
travel_duration_noise,fuzzy,0.4,0.8466666666666667,0.8356197916666666,0.8581250000000001,0.012561403508771996,5.200278558113085,4.089163388833817,6.2722857346929235,2.5350903771907807
travel_duration_noise,crisp,0.05,0.045000000000000005,0.03333333333333333,0.05666666666666668,nan,0.01977135528035016,-0.147868971617724,0.1866933934466119,0.009638363013657983
travel_duration_noise,crisp,0.1,0.08666666666666667,0.07,0.10333333333333335,nan,0.18824557055351457,-0.11100098393138715,0.45221294452661553,0.09176807148426325
travel_duration_noise,crisp,0.2,0.17,0.1516666666666667,0.19000000000000003,nan,0.923648283564237,0.3751904708949019,1.4411756513439282,0.45027047097686645
travel_duration_noise,crisp,0.4,0.25500000000000006,0.2316666666666667,0.28,nan,2.7905349885153448,2.229372523383705,3.3154169384454493,1.3603614340163968
