cell,system,spearman_rho,p_one_sided,p_holm
center_occupancy_rate_missingness,fuzzy,-0.08091355963144499,0.7077097888218848,0.7077097888218848
center_occupancy_rate_missingness,crisp,0.2518265165203444,0.0421140117630061,0.1684560470520244
center_occupancy_rate_noise,fuzzy,0.5420663599881212,3.4541678543169135e-05,0.00017270839271584567
center_occupancy_rate_noise,crisp,0.5865176002504502,5.9125622077293985e-06,3.547537324637639e-05
infrastructure_damage_level_missingness,fuzzy,0.38738241110813626,0.0032618368688032656,0.013047347475213062
infrastructure_damage_level_missingness,crisp,0.06205911805833097,0.33759749829036984,1.0
infrastructure_damage_level_noise,fuzzy,0.5662777606823797,1.3630790792266503e-05,8.178474475359902e-05
infrastructure_damage_level_noise,crisp,-0.1029040384277612,0.756785042419803,1.0
possible_hazard_flip,fuzzy,0.251529551657019,0.04230342870049014,0.08460685740098028
possible_hazard_flip,crisp,0.5568622159679459,1.9737696636023713e-05,9.868848318011857e-05
resource_time_remaining_noise,fuzzy,0.7613140440527956,1.6731316887441276e-10,1.1711921821208894e-09
resource_time_remaining_noise,crisp,-0.22127731139041462,0.9346629936381858,1.0
road_condition_flip,fuzzy,0.2959171195964929,0.02056990316921164,0.06170970950763492
road_condition_flip,crisp,0.7256891763134062,2.6813246967792584e-09,1.876927287745481e-08
travel_duration_noise,fuzzy,0.8541244133807865,5.904039854077988e-15,4.72323188326239e-14
travel_duration_noise,crisp,0.7687328345933486,8.834619791632254e-11,7.067695833305803e-10
