size,capacity,factor,mip_quality,mip_max_load,mip_overload,mip_seconds,mip_optimal,mip_gap,published_quality,published_overload,overlap
small,soft,inf,74.5846277866627,38,0.0,0.009940041927620769,True,0.0,74.58462778666268,0.0,1.0
small,soft,1.0,110.14701014724685,41,33.23,0.40529983304440975,True,0.0,111.32931072378815,30.23,0.9
small,soft,2.0,107.08172161493721,36,20.46,0.5555967499967664,True,0.0,108.22655341043983,22.46,0.92
small,soft,3.0,104.84613960105376,32,8.689999999999998,1.3856494158972055,True,0.0,106.45116976699858,14.689999999999998,0.86
small,hard,1.2,114.95053246422404,14,0.0,0.06966266687959433,True,0.0,108.51966113279774,23.51003916205632,0.48
small,hard,1.5,110.94514210967351,18,0.0,0.5129988328553736,True,0.0,107.53251644841968,19.887548952570402,0.56
small,hard,2.0,105.78580610434065,24,0.0,0.17595137492753565,True,1.0639745121612392e-05,106.34529063628396,13.850065270093864,0.7
large,soft,inf,85.18009600208875,69,0.0,0.06707875011488795,True,0.0,85.18009600208876,0.0,0.99
large,soft,1.0,100.8879430669503,41,83.735,0.836906666867435,True,0.0,111.83895903052604,80.195,0.21
large,soft,2.0,100.26108477912709,43,77.762,0.8144075421150774,True,9.707192405858489e-05,111.70152618740448,63.302,0.16
large,soft,3.0,99.70993745306588,40,68.643,0.8775662078987807,True,9.680026097541597e-05,111.65651460720915,50.562,0.19
large,hard,1.2,113.89544957993135,24,0.0,0.8272911668755114,True,0.0,111.6531516579572,49.885836464947516,0.37
large,hard,1.5,109.07012270516435,23,0.0,0.36193579202517867,True,0.0,111.63409611311417,45.107295581184395,0.35
large,hard,2.0,105.2746617348075,31,0.0,3.7691385420039296,True,3.080252994587896e-05,109.5228299096035,37.14306077491253,0.48
