people,centres,n_dir,instance_seed,method,quality,gap,optimal,seconds,generations,overload
3000,50,1000,0,greedy_static,98.81133762876354,,,0.0,,803.148
3000,50,1000,0,mip_soft,155.98770685434522,1.0,False,64.02555704209954,,923.8599999999999
3000,50,1000,0,mip_hard,,,False,60.0,,
3000,50,1000,0,moea_committed,145.79105288452604,,,52.51755050010979,795,226.14400000000003
3000,50,1000,0,moea_best_point,145.79105288452604,,,52.51755050010979,795,226.14400000000003
3000,50,1000,1,greedy_static,101.82378767035408,,,0.0,,819.992
3000,50,1000,1,mip_soft,,,False,60.0,,
3000,50,1000,1,mip_hard,,,False,60.0,,
3000,50,1000,1,moea_committed,146.65815311486534,,,50.89121645805426,781,342.97999999999996
3000,50,1000,1,moea_best_point,146.65815311486534,,,50.89121645805426,781,342.97999999999996
3000,50,1000,2,greedy_static,99.73124163867045,,,0.0,,774.38
3000,50,1000,2,mip_soft,153.8727718266265,1.0,False,63.17673012497835,,902.888
3000,50,1000,2,mip_hard,,,False,60.0,,
3000,50,1000,2,moea_committed,143.68867027265063,,,51.90333850006573,795,297.70399999999995
3000,50,1000,2,moea_best_point,143.68867027265063,,,51.90333850006573,795,297.70399999999995
