people,centres,time_limit_s,seeds,mip_soft_q,mip_soft_solved,mip_soft_proven,mip_soft_gap_max,mip_soft_s,mip_hard_solved,mip_hard_proven,mip_hard_s,moea_q,moea_generations,greedy_q
150,5,60,3,102.27456187927255,3,3,1.7409251300351478e-05,0.35427329161514837,3,3,0.16265520833743116,108.68635961690656,9968.0,109.68751767751388
300,10,60,3,99.54475216113838,3,3,4.337368591453426e-05,2.2280665690389774,3,3,0.46636136101248366,126.48960189342789,6521.0,102.63154951069816
600,20,60,3,97.66844428440578,3,3,9.683945988365367e-05,18.589531833461177,3,3,1.8985093753629674,132.75738201743602,3800.3333333333335,102.07082908593713
1000,25,60,3,97.54586838500973,3,1,0.002559293674039758,48.87834533303976,3,2,45.05663604165117,135.48455237356063,2451.0,102.06509734672703
1000,25,300,1,96.70961561817143,1,1,2.197758279159961e-05,63.18946137512103,1,1,35.07948650000617,142.371372492148,12475.0,102.07669622872159
1500,40,60,3,99.64288141059008,3,0,0.06147650995718891,61.88065426369818,3,3,20.413017861389864,138.02776046377195,1685.3333333333333,99.12746137489349
1500,40,300,1,94.61114383684435,1,0,0.0006329436351755416,303.42566983308643,1,1,24.58227629191242,136.83158427775948,7462.0,99.08970652393808
3000,50,60,3,154.93023934048585,2,0,1.0,62.400762389025964,0,0,60.0,145.37929209068068,790.3333333333334,100.12212231259603
3000,50,300,1,96.48250253949857,1,0,0.021695082562162342,313.19135183282197,1,1,124.56092595797963,138.78031867759807,2549.0,100.81111329654738
