run,size,instance,solver,pop_size,generations,seeds,exact_sum,exact_front_points,dominated_points,front_points,hv_share_mean,hv_share_min,hv_share_max,best_front_sum,committed_q_mean,committed_q_sd,churn_floor,jaccard_floor,mean_latency_s
large_gen1200,large,reference,nsga2,100,1200,5,85.18009600208876,197,500,500,0.31137005194271766,0.2965746124887829,0.3261056178490453,112.4159777762004,114.91650713063946,1.2217126389114044,0.9129999999999999,0.25766863025311193,19.70048902477138
large_gen150,large,reference,nsga2,100,150,20,85.18009600208876,197,2000,2000,0.18042924167428515,0.1570456158020991,0.20054810022920155,118.46203237929726,120.70838201360452,1.3164035596626171,0.939,0.24957639296334405,1.352266972977668
large_gen150_inst43,large,seed43,nsga2,100,150,10,68.00451871451207,202,976,976,0.16125937037321375,0.14505852041289344,0.18055345792342864,106.99128069434607,109.12600609957204,1.2767305668761983,0.9355555555555556,0.25408496552666404,1.6059760792180895
large_gen150_inst44,large,seed44,nsga2,100,150,10,88.35898312089004,194,1000,1000,0.16075392420263696,0.1543489662530687,0.1743569174692327,120.27194035372534,123.7044148733628,2.1594787094938246,0.9504444444444443,0.24058191487444064,1.4838879169197754
large_gen2400,large,reference,nsga2,100,2400,5,85.18009600208876,197,500,500,0.3426419033645587,0.32696578425199213,0.36390930776199326,110.42638539948604,113.07358168705518,1.721383907263921,0.9110000000000001,0.2540106361269752,31.19751085839234
large_gen300,large,reference,nsga2,100,300,5,85.18009600208876,197,500,500,0.21676644076665613,0.2058371787474755,0.2272406354963151,117.73455976012687,118.51136963630283,0.8025183492268407,0.932,0.25469063232434996,6.131894975155592
large_gen4800,large,reference,nsga2,100,4800,5,85.18009600208876,197,497,500,0.3769632236121463,0.34829330617167525,0.3944596989788204,110.31146219311883,112.45711695860696,1.0178605186510044,0.917,0.2978838262710471,49.12645723340101
large_gen600,large,reference,nsga2,100,600,5,85.18009600208876,197,500,500,0.25869439493831525,0.24921457002429023,0.26647034627561406,116.23911149328231,116.7526842540298,0.3102702907193949,0.9399999999999998,0.24559610685661898,12.51718950001523
large_gen9600,large,reference,nsga2,100,9600,5,85.18009600208876,197,485,500,0.3839375067035983,0.3672956146214982,0.40291981663356485,109.2086508030588,112.78013952713498,2.2716212760620955,0.9029999999999999,0.23913084025897197,98.53318464998156
small_evals240k_pop200,small,reference,nsga2,200,1200,5,74.58462778666268,181,425,1000,0.7347787476783403,0.6881929887984837,0.8365029531843248,76.96780396788284,81.83293726350897,4.12595699626842,0.5640000000000001,0.5766697493099854,26.581269125221297
small_evals240k_pop400,small,reference,nsga2,400,600,5,74.58462778666268,181,1309,2000,0.6723988860327837,0.6269841937627691,0.7298727326411761,82.37653709315198,86.79731858403524,3.6246221411294917,0.686,0.40311558087698496,34.970985683472826
small_gen1200,small,reference,nsga2,100,1200,5,74.58462778666268,181,366,500,0.6277380322188425,0.5729257920657663,0.6759052895919541,85.71888653809525,88.53939389128477,1.9400673238554629,0.744,0.41927542844021887,8.133899850025774
small_gen150,small,reference,nsga2,100,150,20,74.58462778666268,181,2000,2000,0.3933870268052189,0.36248078687454693,0.4364517659371652,92.3860271541255,97.3988653012092,2.051318803030482,0.8341052631578947,0.31457305767795996,0.9550372186582535
small_gen150_inst43,small,seed43,nsga2,100,150,10,110.37809448575379,166,804,1000,0.44298705909609504,0.4070918699299882,0.490801452597198,125.16007380342398,130.74080166446063,2.5947383061283444,0.8506666666666669,0.3163395338951391,1.0461595582775771
small_gen150_inst44,small,seed44,nsga2,100,150,10,83.04380656883546,181,985,1000,0.41646882869546814,0.3473564590748043,0.5328685630511052,95.57724132291665,102.79054018052298,3.1081547215122645,0.7884444444444444,0.32745078644260706,1.036310499976389
small_gen150_nrga,small,reference,nrga,100,150,10,74.58462778666268,181,987,987,0.3678616810865504,0.3274414862822635,0.43032894138050326,92.2633966434549,95.98914574264515,1.9338012073411184,0.8293333333333331,0.31069052464977925,0.838570874906145
small_gen150_nsga3,small,reference,nsga3,100,150,10,74.58462778666268,181,998,998,0.3956975387009008,0.33051317885927456,0.460866292592509,91.53102731407773,97.24861120539792,4.017001960143752,0.8355555555555556,0.31083676279914896,0.6438232210930437
small_gen2400,small,reference,nsga2,100,2400,5,74.58462778666268,181,280,500,0.7020611743601015,0.675492102245813,0.7404561614644681,83.3537747601228,84.91901789564399,1.4456692127504365,0.636,0.37996405838011754,16.700730491569267
small_gen2400_nrga,small,reference,nrga,100,2400,5,74.58462778666268,181,32,500,0.6383050323156629,0.6012636929178581,0.6718227095943381,77.30074245272242,79.00897645979154,1.3051707924378368,0.41600000000000004,0.7023364350977601,11.054805257963016
small_gen2400_nsga3,small,reference,nsga3,100,2400,5,74.58462778666268,181,261,500,0.6792538273653821,0.6128917128251297,0.7433528858492789,78.64755542001438,84.1720784977858,4.75381397136859,0.604,0.47049048261677706,9.652231574989855
small_gen300,small,reference,nsga2,100,300,5,74.58462778666268,181,482,500,0.4677469721559226,0.44043114547200013,0.4932315452471565,92.49440623240488,95.07594599213697,2.2708375941773604,0.826,0.30654775669210493,1.9944738417863845
small_gen4800,small,reference,nsga2,100,4800,5,74.58462778666268,181,223,500,0.7643038777563552,0.7380423028554632,0.7946685020926404,80.5391569455915,83.60046148869404,2.009050840059301,0.608,0.4812509041946063,34.52826519189402
small_gen600,small,reference,nsga2,100,600,5,74.58462778666268,181,454,500,0.5326853595970896,0.5096361691534549,0.577764740077291,88.16358482323511,92.4725379797107,2.554344455026972,0.764,0.35386895601219664,4.151063791429624
small_gen9600,small,reference,nsga2,100,9600,5,74.58462778666268,181,199,500,0.79844465489229,0.773276739628025,0.8197352405979382,80.7556839654867,82.17821772108536,1.3577291773565194,0.5680000000000001,0.4927092540750593,68.83897352484055
